keyword,store_id,zip_code
7up,,99503
7up,,99504
7up,,99515
7up,,99577
7up,,99611
7up,,99615
7up,,99654
7up,,99701
7up,,99901
7up,,97060
7up,,98057
Almond,,99503
Almond,,99504
Almond,,99515
Almond,,99577
Almond,,99611
Almond,,99615
Almond,,99654
Almond,,99701
Almond,,99901
Almond,,97060
Almond,,98057
American,,99503
American,,99504
American,,99515
American,,99577
American,,99611
American,,99615
American,,99654
American,,99701
American,,99901
American,,97060
American,,98057
apples,,99503
apples,,99504
apples,,99515
apples,,99577
apples,,99611
apples,,99615
apples,,99654
apples,,99701
apples,,99901
apples,,97060
apples,,98057
artichokes,,99503
artichokes,,99504
artichokes,,99515
artichokes,,99577
artichokes,,99611
artichokes,,99615
artichokes,,99654
artichokes,,99701
artichokes,,99901
artichokes,,97060
artichokes,,98057
asparagus,,99503
asparagus,,99504
asparagus,,99515
asparagus,,99577
asparagus,,99611
asparagus,,99615
asparagus,,99654
asparagus,,99701
asparagus,,99901
asparagus,,97060
asparagus,,98057
avocados,,99503
avocados,,99504
avocados,,99515
avocados,,99577
avocados,,99611
avocados,,99615
avocados,,99654
avocados,,99701
avocados,,99901
avocados,,97060
avocados,,98057
bacon,,99503
bacon,,99504
bacon,,99515
bacon,,99577
bacon,,99611
bacon,,99615
bacon,,99654
bacon,,99701
bacon,,99901
bacon,,97060
bacon,,98057
Bagel,,99503
Bagel,,99504
Bagel,,99515
Bagel,,99577
Bagel,,99611
Bagel,,99615
Bagel,,99654
Bagel,,99701
Bagel,,99901
Bagel,,97060
Bagel,,98057
bananas,,99503
bananas,,99504
bananas,,99515
bananas,,99577
bananas,,99611
bananas,,99615
bananas,,99654
bananas,,99701
bananas,,99901
bananas,,97060
bananas,,98057
bar soap,,99503
bar soap,,99504
bar soap,,99515
bar soap,,99577
bar soap,,99611
bar soap,,99615
bar soap,,99654
bar soap,,99701
bar soap,,99901
bar soap,,97060
bar soap,,98057
Bean,,99503
Bean,,99504
Bean,,99515
Bean,,99577
Bean,,99611
Bean,,99615
Bean,,99654
Bean,,99701
Bean,,99901
Bean,,97060
Bean,,98057
Beef,,99503
Beef,,99504
Beef,,99515
Beef,,99577
Beef,,99611
Beef,,99615
Beef,,99654
Beef,,99701
Beef,,99901
Beef,,97060
Beef,,98057
Beverages,,99503
Beverages,,99504
Beverages,,99515
Beverages,,99577
Beverages,,99611
Beverages,,99615
Beverages,,99654
Beverages,,99701
Beverages,,99901
Beverages,,97060
Beverages,,98057
Blackberry,,99503
Blackberry,,99504
Blackberry,,99515
Blackberry,,99577
Blackberry,,99611
Blackberry,,99615
Blackberry,,99654
Blackberry,,99701
Blackberry,,99901
Blackberry,,97060
Blackberry,,98057
blueberries,,99503
blueberries,,99504
blueberries,,99515
blueberries,,99577
blueberries,,99611
blueberries,,99615
blueberries,,99654
blueberries,,99701
blueberries,,99901
blueberries,,97060
blueberries,,98057
boneless half ham,,99503
boneless half ham,,99504
boneless half ham,,99515
boneless half ham,,99577
boneless half ham,,99611
boneless half ham,,99615
boneless half ham,,99654
boneless half ham,,99701
boneless half ham,,99901
boneless half ham,,97060
boneless half ham,,98057
bottled water,,99503
bottled water,,99504
bottled water,,99515
bottled water,,99577
bottled water,,99611
bottled water,,99615
bottled water,,99654
bottled water,,99701
bottled water,,99901
bottled water,,97060
bottled water,,98057
bread,,99503
bread,,99504
bread,,99515
bread,,99577
bread,,99611
bread,,99615
bread,,99654
bread,,99701
bread,,99901
bread,,97060
bread,,98057
Breakfast bar,,99503
Breakfast bar,,99504
Breakfast bar,,99515
Breakfast bar,,99577
Breakfast bar,,99611
Breakfast bar,,99615
Breakfast bar,,99654
Breakfast bar,,99701
Breakfast bar,,99901
Breakfast bar,,97060
Breakfast bar,,98057
broccoli,,99503
broccoli,,99504
broccoli,,99515
broccoli,,99577
broccoli,,99611
broccoli,,99615
broccoli,,99654
broccoli,,99701
broccoli,,99901
broccoli,,97060
broccoli,,98057
Burrito,,99503
Burrito,,99504
Burrito,,99515
Burrito,,99577
Burrito,,99611
Burrito,,99615
Burrito,,99654
Burrito,,99701
Burrito,,99901
Burrito,,97060
Burrito,,98057
butter,,99503
butter,,99504
butter,,99515
butter,,99577
butter,,99611
butter,,99615
butter,,99654
butter,,99701
butter,,99901
butter,,97060
butter,,98057
Cabbage,,99503
Cabbage,,99504
Cabbage,,99515
Cabbage,,99577
Cabbage,,99611
Cabbage,,99615
Cabbage,,99654
Cabbage,,99701
Cabbage,,99901
Cabbage,,97060
Cabbage,,98057
Cactus,,99503
Cactus,,99504
Cactus,,99515
Cactus,,99577
Cactus,,99611
Cactus,,99615
Cactus,,99654
Cactus,,99701
Cactus,,99901
Cactus,,97060
Cactus,,98057
canola oil,,99503
canola oil,,99504
canola oil,,99515
canola oil,,99577
canola oil,,99611
canola oil,,99615
canola oil,,99654
canola oil,,99701
canola oil,,99901
canola oil,,97060
canola oil,,98057
carrots,,99503
carrots,,99504
carrots,,99515
carrots,,99577
carrots,,99611
carrots,,99615
carrots,,99654
carrots,,99701
carrots,,99901
carrots,,97060
carrots,,98057
Cassava,,99503
Cassava,,99504
Cassava,,99515
Cassava,,99577
Cassava,,99611
Cassava,,99615
Cassava,,99654
Cassava,,99701
Cassava,,99901
Cassava,,97060
Cassava,,98057
cauliflower,,99503
cauliflower,,99504
cauliflower,,99515
cauliflower,,99577
cauliflower,,99611
cauliflower,,99615
cauliflower,,99654
cauliflower,,99701
cauliflower,,99901
cauliflower,,97060
cauliflower,,98057
celery,,99503
celery,,99504
celery,,99515
celery,,99577
celery,,99611
celery,,99615
celery,,99654
celery,,99701
celery,,99901
celery,,97060
celery,,98057
Cereal,,99503
Cereal,,99504
Cereal,,99515
Cereal,,99577
Cereal,,99611
Cereal,,99615
Cereal,,99654
Cereal,,99701
Cereal,,99901
Cereal,,97060
Cereal,,98057
cheddar,,99503
cheddar,,99504
cheddar,,99515
cheddar,,99577
cheddar,,99611
cheddar,,99615
cheddar,,99654
cheddar,,99701
cheddar,,99901
cheddar,,97060
cheddar,,98057
Cheese,,99503
Cheese,,99504
Cheese,,99515
Cheese,,99577
Cheese,,99611
Cheese,,99615
Cheese,,99654
Cheese,,99701
Cheese,,99901
Cheese,,97060
Cheese,,98057
cherries,,99503
cherries,,99504
cherries,,99515
cherries,,99577
cherries,,99611
cherries,,99615
cherries,,99654
cherries,,99701
cherries,,99901
cherries,,97060
cherries,,98057
chicken,,99503
chicken,,99504
chicken,,99515
chicken,,99577
chicken,,99611
chicken,,99615
chicken,,99654
chicken,,99701
chicken,,99901
chicken,,97060
chicken,,98057
Chickpea,,99503
Chickpea,,99504
Chickpea,,99515
Chickpea,,99577
Chickpea,,99611
Chickpea,,99615
Chickpea,,99654
Chickpea,,99701
Chickpea,,99901
Chickpea,,97060
Chickpea,,98057
Chili,,99503
Chili,,99504
Chili,,99515
Chili,,99577
Chili,,99611
Chili,,99615
Chili,,99654
Chili,,99701
Chili,,99901
Chili,,97060
Chili,,98057
Chip,,99503
Chip,,99504
Chip,,99515
Chip,,99577
Chip,,99611
Chip,,99615
Chip,,99654
Chip,,99701
Chip,,99901
Chip,,97060
Chip,,98057
Chocolate,,99503
Chocolate,,99504
Chocolate,,99515
Chocolate,,99577
Chocolate,,99611
Chocolate,,99615
Chocolate,,99654
Chocolate,,99701
Chocolate,,99901
Chocolate,,97060
Chocolate,,98057
chuck roast,,99503
chuck roast,,99504
chuck roast,,99515
chuck roast,,99577
chuck roast,,99611
chuck roast,,99615
chuck roast,,99654
chuck roast,,99701
chuck roast,,99901
chuck roast,,97060
chuck roast,,98057
cilantro,,99503
cilantro,,99504
cilantro,,99515
cilantro,,99577
cilantro,,99611
cilantro,,99615
cilantro,,99654
cilantro,,99701
cilantro,,99901
cilantro,,97060
cilantro,,98057
cocktail,,99503
cocktail,,99504
cocktail,,99515
cocktail,,99577
cocktail,,99611
cocktail,,99615
cocktail,,99654
cocktail,,99701
cocktail,,99901
cocktail,,97060
cocktail,,98057
Coconut,,99503
Coconut,,99504
Coconut,,99515
Coconut,,99577
Coconut,,99611
Coconut,,99615
Coconut,,99654
Coconut,,99701
Coconut,,99901
Coconut,,97060
Coconut,,98057
Cod,,99503
Cod,,99504
Cod,,99515
Cod,,99577
Cod,,99611
Cod,,99615
Cod,,99654
Cod,,99701
Cod,,99901
Cod,,97060
Cod,,98057
coffee,,99503
coffee,,99504
coffee,,99515
coffee,,99577
coffee,,99611
coffee,,99615
coffee,,99654
coffee,,99701
coffee,,99901
coffee,,97060
coffee,,98057
coke,,99503
coke,,99504
coke,,99515
coke,,99577
coke,,99611
coke,,99615
coke,,99654
coke,,99701
coke,,99901
coke,,97060
coke,,98057
Coleslaw,,99503
Coleslaw,,99504
Coleslaw,,99515
Coleslaw,,99577
Coleslaw,,99611
Coleslaw,,99615
Coleslaw,,99654
Coleslaw,,99701
Coleslaw,,99901
Coleslaw,,97060
Coleslaw,,98057
Collard,,99503
Collard,,99504
Collard,,99515
Collard,,99577
Collard,,99611
Collard,,99615
Collard,,99654
Collard,,99701
Collard,,99901
Collard,,97060
Collard,,98057
corn flakes,,99503
corn flakes,,99504
corn flakes,,99515
corn flakes,,99577
corn flakes,,99611
corn flakes,,99615
corn flakes,,99654
corn flakes,,99701
corn flakes,,99901
corn flakes,,97060
corn flakes,,98057
corn,,99503
corn,,99504
corn,,99515
corn,,99577
corn,,99611
corn,,99615
corn,,99654
corn,,99701
corn,,99901
corn,,97060
corn,,98057
Cowpeas,,99503
Cowpeas,,99504
Cowpeas,,99515
Cowpeas,,99577
Cowpeas,,99611
Cowpeas,,99615
Cowpeas,,99654
Cowpeas,,99701
Cowpeas,,99901
Cowpeas,,97060
Cowpeas,,98057
Cracker,,99503
Cracker,,99504
Cracker,,99515
Cracker,,99577
Cracker,,99611
Cracker,,99615
Cracker,,99654
Cracker,,99701
Cracker,,99901
Cracker,,97060
Cracker,,98057
Cranberry,,99503
Cranberry,,99504
Cranberry,,99515
Cranberry,,99577
Cranberry,,99611
Cranberry,,99615
Cranberry,,99654
Cranberry,,99701
Cranberry,,99901
Cranberry,,97060
Cranberry,,98057
Cream,,99503
Cream,,99504
Cream,,99515
Cream,,99577
Cream,,99611
Cream,,99615
Cream,,99654
Cream,,99701
Cream,,99901
Cream,,97060
Cream,,98057
creamer,,99503
creamer,,99504
creamer,,99515
creamer,,99577
creamer,,99611
creamer,,99615
creamer,,99654
creamer,,99701
creamer,,99901
creamer,,97060
creamer,,98057
cucumbers,,99503
cucumbers,,99504
cucumbers,,99515
cucumbers,,99577
cucumbers,,99611
cucumbers,,99615
cucumbers,,99654
cucumbers,,99701
cucumbers,,99901
cucumbers,,97060
cucumbers,,98057
detergent,,99503
detergent,,99504
detergent,,99515
detergent,,99577
detergent,,99611
detergent,,99615
detergent,,99654
detergent,,99701
detergent,,99901
detergent,,97060
detergent,,98057
diapers,,99503
diapers,,99504
diapers,,99515
diapers,,99577
diapers,,99611
diapers,,99615
diapers,,99654
diapers,,99701
diapers,,99901
diapers,,97060
diapers,,98057
dip,,99503
dip,,99504
dip,,99515
dip,,99577
dip,,99611
dip,,99615
dip,,99654
dip,,99701
dip,,99901
dip,,97060
dip,,98057
dish soap liquid,,99503
dish soap liquid,,99504
dish soap liquid,,99515
dish soap liquid,,99577
dish soap liquid,,99611
dish soap liquid,,99615
dish soap liquid,,99654
dish soap liquid,,99701
dish soap liquid,,99901
dish soap liquid,,97060
dish soap liquid,,98057
Dressing,,99503
Dressing,,99504
Dressing,,99515
Dressing,,99577
Dressing,,99611
Dressing,,99615
Dressing,,99654
Dressing,,99701
Dressing,,99901
Dressing,,97060
Dressing,,98057
Eggnog,,99503
Eggnog,,99504
Eggnog,,99515
Eggnog,,99577
Eggnog,,99611
Eggnog,,99615
Eggnog,,99654
Eggnog,,99701
Eggnog,,99901
Eggnog,,97060
Eggnog,,98057
eggs,,99503
eggs,,99504
eggs,,99515
eggs,,99577
eggs,,99611
eggs,,99615
eggs,,99654
eggs,,99701
eggs,,99901
eggs,,97060
eggs,,98057
evaporated milk,,99503
evaporated milk,,99504
evaporated milk,,99515
evaporated milk,,99577
evaporated milk,,99611
evaporated milk,,99615
evaporated milk,,99654
evaporated milk,,99701
evaporated milk,,99901
evaporated milk,,97060
evaporated milk,,98057
Fava,,99503
Fava,,99504
Fava,,99515
Fava,,99577
Fava,,99611
Fava,,99615
Fava,,99654
Fava,,99701
Fava,,99901
Fava,,97060
Fava,,98057
Fish,,99503
Fish,,99504
Fish,,99515
Fish,,99577
Fish,,99611
Fish,,99615
Fish,,99654
Fish,,99701
Fish,,99901
Fish,,97060
Fish,,98057
Flan,,99503
Flan,,99504
Flan,,99515
Flan,,99577
Flan,,99611
Flan,,99615
Flan,,99654
Flan,,99701
Flan,,99901
Flan,,97060
Flan,,98057
flour,,99503
flour,,99504
flour,,99515
flour,,99577
flour,,99611
flour,,99615
flour,,99654
flour,,99701
flour,,99901
flour,,97060
flour,,98057
Frankfurter,,99503
Frankfurter,,99504
Frankfurter,,99515
Frankfurter,,99577
Frankfurter,,99611
Frankfurter,,99615
Frankfurter,,99654
Frankfurter,,99701
Frankfurter,,99901
Frankfurter,,97060
Frankfurter,,98057
Fruit juice,,99503
Fruit juice,,99504
Fruit juice,,99515
Fruit juice,,99577
Fruit juice,,99611
Fruit juice,,99615
Fruit juice,,99654
Fruit juice,,99701
Fruit juice,,99901
Fruit juice,,97060
Fruit juice,,98057
garlic,,99503
garlic,,99504
garlic,,99515
garlic,,99577
garlic,,99611
garlic,,99615
garlic,,99654
garlic,,99701
garlic,,99901
garlic,,97060
garlic,,98057
Gelatin,,99503
Gelatin,,99504
Gelatin,,99515
Gelatin,,99577
Gelatin,,99611
Gelatin,,99615
Gelatin,,99654
Gelatin,,99701
Gelatin,,99901
Gelatin,,97060
Gelatin,,98057
gillette,,99503
gillette,,99504
gillette,,99515
gillette,,99577
gillette,,99611
gillette,,99615
gillette,,99654
gillette,,99701
gillette,,99901
gillette,,97060
gillette,,98057
Ginger,,99503
Ginger,,99504
Ginger,,99515
Ginger,,99577
Ginger,,99611
Ginger,,99615
Ginger,,99654
Ginger,,99701
Ginger,,99901
Ginger,,97060
Ginger,,98057
Goat,,99503
Goat,,99504
Goat,,99515
Goat,,99577
Goat,,99611
Goat,,99615
Goat,,99654
Goat,,99701
Goat,,99901
Goat,,97060
Goat,,98057
granola bar,,99503
granola bar,,99504
granola bar,,99515
granola bar,,99577
granola bar,,99611
granola bar,,99615
granola bar,,99654
granola bar,,99701
granola bar,,99901
granola bar,,97060
granola bar,,98057
Grapefruit,,99503
Grapefruit,,99504
Grapefruit,,99515
Grapefruit,,99577
Grapefruit,,99611
Grapefruit,,99615
Grapefruit,,99654
Grapefruit,,99701
Grapefruit,,99901
Grapefruit,,97060
Grapefruit,,98057
grapes,,99503
grapes,,99504
grapes,,99515
grapes,,99577
grapes,,99611
grapes,,99615
grapes,,99654
grapes,,99701
grapes,,99901
grapes,,97060
grapes,,98057
green bean,,99503
green bean,,99504
green bean,,99515
green bean,,99577
green bean,,99611
green bean,,99615
green bean,,99654
green bean,,99701
green bean,,99901
green bean,,97060
green bean,,98057
Greens,,99503
Greens,,99504
Greens,,99515
Greens,,99577
Greens,,99611
Greens,,99615
Greens,,99654
Greens,,99701
Greens,,99901
Greens,,97060
Greens,,98057
ground beef,,99503
ground beef,,99504
ground beef,,99515
ground beef,,99577
ground beef,,99611
ground beef,,99615
ground beef,,99654
ground beef,,99701
ground beef,,99901
ground beef,,97060
ground beef,,98057
Guava,,99503
Guava,,99504
Guava,,99515
Guava,,99577
Guava,,99611
Guava,,99615
Guava,,99654
Guava,,99701
Guava,,99901
Guava,,97060
Guava,,98057
Ham,,99503
Ham,,99504
Ham,,99515
Ham,,99577
Ham,,99611
Ham,,99615
Ham,,99654
Ham,,99701
Ham,,99901
Ham,,97060
Ham,,98057
hazelnut,,99503
hazelnut,,99504
hazelnut,,99515
hazelnut,,99577
hazelnut,,99611
hazelnut,,99615
hazelnut,,99654
hazelnut,,99701
hazelnut,,99901
hazelnut,,97060
hazelnut,,98057
Hominy,,99503
Hominy,,99504
Hominy,,99515
Hominy,,99577
Hominy,,99611
Hominy,,99615
Hominy,,99654
Hominy,,99701
Hominy,,99901
Hominy,,97060
Hominy,,98057
Honey,,99503
Honey,,99504
Honey,,99515
Honey,,99577
Honey,,99611
Honey,,99615
Honey,,99654
Honey,,99701
Honey,,99901
Honey,,97060
Honey,,98057
hot dog,,99503
hot dog,,99504
hot dog,,99515
hot dog,,99577
hot dog,,99611
hot dog,,99615
hot dog,,99654
hot dog,,99701
hot dog,,99901
hot dog,,97060
hot dog,,98057
ice cream,,99503
ice cream,,99504
ice cream,,99515
ice cream,,99577
ice cream,,99611
ice cream,,99615
ice cream,,99654
ice cream,,99701
ice cream,,99901
ice cream,,97060
ice cream,,98057
Ice,,99503
Ice,,99504
Ice,,99515
Ice,,99577
Ice,,99611
Ice,,99615
Ice,,99654
Ice,,99701
Ice,,99901
Ice,,97060
Ice,,98057
Icing,,99503
Icing,,99504
Icing,,99515
Icing,,99577
Icing,,99611
Icing,,99615
Icing,,99654
Icing,,99701
Icing,,99901
Icing,,97060
Icing,,98057
infant formula,,99503
infant formula,,99504
infant formula,,99515
infant formula,,99577
infant formula,,99611
infant formula,,99615
infant formula,,99654
infant formula,,99701
infant formula,,99901
infant formula,,97060
infant formula,,98057
Italian dressing,,99503
Italian dressing,,99504
Italian dressing,,99515
Italian dressing,,99577
Italian dressing,,99611
Italian dressing,,99615
Italian dressing,,99654
Italian dressing,,99701
Italian dressing,,99901
Italian dressing,,97060
Italian dressing,,98057
Jam,,99503
Jam,,99504
Jam,,99515
Jam,,99577
Jam,,99611
Jam,,99615
Jam,,99654
Jam,,99701
Jam,,99901
Jam,,97060
Jam,,98057
Jelly,,99503
Jelly,,99504
Jelly,,99515
Jelly,,99577
Jelly,,99611
Jelly,,99615
Jelly,,99654
Jelly,,99701
Jelly,,99901
Jelly,,97060
Jelly,,98057
jicama,,99503
jicama,,99504
jicama,,99515
jicama,,99577
jicama,,99611
jicama,,99615
jicama,,99654
jicama,,99701
jicama,,99901
jicama,,97060
jicama,,98057
Juice,,99503
Juice,,99504
Juice,,99515
Juice,,99577
Juice,,99611
Juice,,99615
Juice,,99654
Juice,,99701
Juice,,99901
Juice,,97060
Juice,,98057
kale,,99503
kale,,99504
kale,,99515
kale,,99577
kale,,99611
kale,,99615
kale,,99654
kale,,99701
kale,,99901
kale,,97060
kale,,98057
ketchup,,99503
ketchup,,99504
ketchup,,99515
ketchup,,99577
ketchup,,99611
ketchup,,99615
ketchup,,99654
ketchup,,99701
ketchup,,99901
ketchup,,97060
ketchup,,98057
kidney,,99503
kidney,,99504
kidney,,99515
kidney,,99577
kidney,,99611
kidney,,99615
kidney,,99654
kidney,,99701
kidney,,99901
kidney,,97060
kidney,,98057
kiwi,,99503
kiwi,,99504
kiwi,,99515
kiwi,,99577
kiwi,,99611
kiwi,,99615
kiwi,,99654
kiwi,,99701
kiwi,,99901
kiwi,,97060
kiwi,,98057
Lard,,99503
Lard,,99504
Lard,,99515
Lard,,99577
Lard,,99611
Lard,,99615
Lard,,99654
Lard,,99701
Lard,,99901
Lard,,97060
Lard,,98057
lemons,,99503
lemons,,99504
lemons,,99515
lemons,,99577
lemons,,99611
lemons,,99615
lemons,,99654
lemons,,99701
lemons,,99901
lemons,,97060
lemons,,98057
Lentil,,99503
Lentil,,99504
Lentil,,99515
Lentil,,99577
Lentil,,99611
Lentil,,99615
Lentil,,99654
Lentil,,99701
Lentil,,99901
Lentil,,97060
Lentil,,98057
lettuce,,99503
lettuce,,99504
lettuce,,99515
lettuce,,99577
lettuce,,99611
lettuce,,99615
lettuce,,99654
lettuce,,99701
lettuce,,99901
lettuce,,97060
lettuce,,98057
limes,,99503
limes,,99504
limes,,99515
limes,,99577
limes,,99611
limes,,99615
limes,,99654
limes,,99701
limes,,99901
limes,,97060
limes,,98057
Macaroni,,99503
Macaroni,,99504
Macaroni,,99515
Macaroni,,99577
Macaroni,,99611
Macaroni,,99615
Macaroni,,99654
Macaroni,,99701
Macaroni,,99901
Macaroni,,97060
Macaroni,,98057
mangoes,,99503
mangoes,,99504
mangoes,,99515
mangoes,,99577
mangoes,,99611
mangoes,,99615
mangoes,,99654
mangoes,,99701
mangoes,,99901
mangoes,,97060
mangoes,,98057
Margarine,,99503
Margarine,,99504
Margarine,,99515
Margarine,,99577
Margarine,,99611
Margarine,,99615
Margarine,,99654
Margarine,,99701
Margarine,,99901
Margarine,,97060
Margarine,,98057
Marmalade,,99503
Marmalade,,99504
Marmalade,,99515
Marmalade,,99577
Marmalade,,99611
Marmalade,,99615
Marmalade,,99654
Marmalade,,99701
Marmalade,,99901
Marmalade,,97060
Marmalade,,98057
Masa harina,,99503
Masa harina,,99504
Masa harina,,99515
Masa harina,,99577
Masa harina,,99611
Masa harina,,99615
Masa harina,,99654
Masa harina,,99701
Masa harina,,99901
Masa harina,,97060
Masa harina,,98057
mayo,,99503
mayo,,99504
mayo,,99515
mayo,,99577
mayo,,99611
mayo,,99615
mayo,,99654
mayo,,99701
mayo,,99901
mayo,,97060
mayo,,98057
mayonnaise,,99503
mayonnaise,,99504
mayonnaise,,99515
mayonnaise,,99577
mayonnaise,,99611
mayonnaise,,99615
mayonnaise,,99654
mayonnaise,,99701
mayonnaise,,99901
mayonnaise,,97060
mayonnaise,,98057
Melon,,99503
Melon,,99504
Melon,,99515
Melon,,99577
Melon,,99611
Melon,,99615
Melon,,99654
Melon,,99701
Melon,,99901
Melon,,97060
Melon,,98057
milk,,99503
milk,,99504
milk,,99515
milk,,99577
milk,,99611
milk,,99615
milk,,99654
milk,,99701
milk,,99901
milk,,97060
milk,,98057
Mozzarella,,99503
Mozzarella,,99504
Mozzarella,,99515
Mozzarella,,99577
Mozzarella,,99611
Mozzarella,,99615
Mozzarella,,99654
Mozzarella,,99701
Mozzarella,,99901
Mozzarella,,97060
Mozzarella,,98057
Multigrain,,99503
Multigrain,,99504
Multigrain,,99515
Multigrain,,99577
Multigrain,,99611
Multigrain,,99615
Multigrain,,99654
Multigrain,,99701
Multigrain,,99901
Multigrain,,97060
Multigrain,,98057
mushrooms,,99503
mushrooms,,99504
mushrooms,,99515
mushrooms,,99577
mushrooms,,99611
mushrooms,,99615
mushrooms,,99654
mushrooms,,99701
mushrooms,,99901
mushrooms,,97060
mushrooms,,98057
Mustard,,99503
Mustard,,99504
Mustard,,99515
Mustard,,99577
Mustard,,99611
Mustard,,99615
Mustard,,99654
Mustard,,99701
Mustard,,99901
Mustard,,97060
Mustard,,98057
nectarines,,99503
nectarines,,99504
nectarines,,99515
nectarines,,99577
nectarines,,99611
nectarines,,99615
nectarines,,99654
nectarines,,99701
nectarines,,99901
nectarines,,97060
nectarines,,98057
Noodle,,99503
Noodle,,99504
Noodle,,99515
Noodle,,99577
Noodle,,99611
Noodle,,99615
Noodle,,99654
Noodle,,99701
Noodle,,99901
Noodle,,97060
Noodle,,98057
Nopal,,99503
Nopal,,99504
Nopal,,99515
Nopal,,99577
Nopal,,99611
Nopal,,99615
Nopal,,99654
Nopal,,99701
Nopal,,99901
Nopal,,97060
Nopal,,98057
Nut,,99503
Nut,,99504
Nut,,99515
Nut,,99577
Nut,,99611
Nut,,99615
Nut,,99654
Nut,,99701
Nut,,99901
Nut,,97060
Nut,,98057
Nutrition bar,,99503
Nutrition bar,,99504
Nutrition bar,,99515
Nutrition bar,,99577
Nutrition bar,,99611
Nutrition bar,,99615
Nutrition bar,,99654
Nutrition bar,,99701
Nutrition bar,,99901
Nutrition bar,,97060
Nutrition bar,,98057
nuts,,99503
nuts,,99504
nuts,,99515
nuts,,99577
nuts,,99611
nuts,,99615
nuts,,99654
nuts,,99701
nuts,,99901
nuts,,97060
nuts,,98057
Oat bran,,99503
Oat bran,,99504
Oat bran,,99515
Oat bran,,99577
Oat bran,,99611
Oat bran,,99615
Oat bran,,99654
Oat bran,,99701
Oat bran,,99901
Oat bran,,97060
Oat bran,,98057
oatmeal,,99503
oatmeal,,99504
oatmeal,,99515
oatmeal,,99577
oatmeal,,99611
oatmeal,,99615
oatmeal,,99654
oatmeal,,99701
oatmeal,,99901
oatmeal,,97060
oatmeal,,98057
Oil,,99503
Oil,,99504
Oil,,99515
Oil,,99577
Oil,,99611
Oil,,99615
Oil,,99654
Oil,,99701
Oil,,99901
Oil,,97060
Oil,,98057
Okra,,99503
Okra,,99504
Okra,,99515
Okra,,99577
Okra,,99611
Okra,,99615
Okra,,99654
Okra,,99701
Okra,,99901
Okra,,97060
Okra,,98057
olive oil,,99503
olive oil,,99504
olive oil,,99515
olive oil,,99577
olive oil,,99611
olive oil,,99615
olive oil,,99654
olive oil,,99701
olive oil,,99901
olive oil,,97060
olive oil,,98057
onions,,99503
onions,,99504
onions,,99515
onions,,99577
onions,,99611
onions,,99615
onions,,99654
onions,,99701
onions,,99901
onions,,97060
onions,,98057
oranges,,99503
oranges,,99504
oranges,,99515
oranges,,99577
oranges,,99611
oranges,,99615
oranges,,99654
oranges,,99701
oranges,,99901
oranges,,97060
oranges,,98057
papaya,,99503
papaya,,99504
papaya,,99515
papaya,,99577
papaya,,99611
papaya,,99615
papaya,,99654
papaya,,99701
papaya,,99901
papaya,,97060
papaya,,98057
paper towel,,99503
paper towel,,99504
paper towel,,99515
paper towel,,99577
paper towel,,99611
paper towel,,99615
paper towel,,99654
paper towel,,99701
paper towel,,99901
paper towel,,97060
paper towel,,98057
Parsley,,99503
Parsley,,99504
Parsley,,99515
Parsley,,99577
Parsley,,99611
Parsley,,99615
Parsley,,99654
Parsley,,99701
Parsley,,99901
Parsley,,97060
Parsley,,98057
Passion fruit,,99503
Passion fruit,,99504
Passion fruit,,99515
Passion fruit,,99577
Passion fruit,,99611
Passion fruit,,99615
Passion fruit,,99654
Passion fruit,,99701
Passion fruit,,99901
Passion fruit,,97060
Passion fruit,,98057
Pasta,,99503
Pasta,,99504
Pasta,,99515
Pasta,,99577
Pasta,,99611
Pasta,,99615
Pasta,,99654
Pasta,,99701
Pasta,,99901
Pasta,,97060
Pasta,,98057
Pea,,99503
Pea,,99504
Pea,,99515
Pea,,99577
Pea,,99611
Pea,,99615
Pea,,99654
Pea,,99701
Pea,,99901
Pea,,97060
Pea,,98057
peaches,,99503
peaches,,99504
peaches,,99515
peaches,,99577
peaches,,99611
peaches,,99615
peaches,,99654
peaches,,99701
peaches,,99901
peaches,,97060
peaches,,98057
peanut butter,,99503
peanut butter,,99504
peanut butter,,99515
peanut butter,,99577
peanut butter,,99611
peanut butter,,99615
peanut butter,,99654
peanut butter,,99701
peanut butter,,99901
peanut butter,,97060
peanut butter,,98057
Peanut,,99503
Peanut,,99504
Peanut,,99515
Peanut,,99577
Peanut,,99611
Peanut,,99615
Peanut,,99654
Peanut,,99701
Peanut,,99901
Peanut,,97060
Peanut,,98057
pears,,99503
pears,,99504
pears,,99515
pears,,99577
pears,,99611
pears,,99615
pears,,99654
pears,,99701
pears,,99901
pears,,97060
pears,,98057
peppers,,99503
peppers,,99504
peppers,,99515
peppers,,99577
peppers,,99611
peppers,,99615
peppers,,99654
peppers,,99701
peppers,,99901
peppers,,97060
peppers,,98057
pepsi,,99503
pepsi,,99504
pepsi,,99515
pepsi,,99577
pepsi,,99611
pepsi,,99615
pepsi,,99654
pepsi,,99701
pepsi,,99901
pepsi,,97060
pepsi,,98057
Persimmon,,99503
Persimmon,,99504
Persimmon,,99515
Persimmon,,99577
Persimmon,,99611
Persimmon,,99615
Persimmon,,99654
Persimmon,,99701
Persimmon,,99901
Persimmon,,97060
Persimmon,,98057
pilot bread,,99503
pilot bread,,99504
pilot bread,,99515
pilot bread,,99577
pilot bread,,99611
pilot bread,,99615
pilot bread,,99654
pilot bread,,99701
pilot bread,,99901
pilot bread,,97060
pilot bread,,98057
pineapple,,99503
pineapple,,99504
pineapple,,99515
pineapple,,99577
pineapple,,99611
pineapple,,99615
pineapple,,99654
pineapple,,99701
pineapple,,99901
pineapple,,97060
pineapple,,98057
Pinto,,99503
Pinto,,99504
Pinto,,99515
Pinto,,99577
Pinto,,99611
Pinto,,99615
Pinto,,99654
Pinto,,99701
Pinto,,99901
Pinto,,97060
Pinto,,98057
Pizza,,99503
Pizza,,99504
Pizza,,99515
Pizza,,99577
Pizza,,99611
Pizza,,99615
Pizza,,99654
Pizza,,99701
Pizza,,99901
Pizza,,97060
Pizza,,98057
Plantain,,99503
Plantain,,99504
Plantain,,99515
Plantain,,99577
Plantain,,99611
Plantain,,99615
Plantain,,99654
Plantain,,99701
Plantain,,99901
Plantain,,97060
Plantain,,98057
plums,,99503
plums,,99504
plums,,99515
plums,,99577
plums,,99611
plums,,99615
plums,,99654
plums,,99701
plums,,99901
plums,,97060
plums,,98057
Popcorn,,99503
Popcorn,,99504
Popcorn,,99515
Popcorn,,99577
Popcorn,,99611
Popcorn,,99615
Popcorn,,99654
Popcorn,,99701
Popcorn,,99901
Popcorn,,97060
Popcorn,,98057
Poppy seed,,99503
Poppy seed,,99504
Poppy seed,,99515
Poppy seed,,99577
Poppy seed,,99611
Poppy seed,,99615
Poppy seed,,99654
Poppy seed,,99701
Poppy seed,,99901
Poppy seed,,97060
Poppy seed,,98057
pork chop,,99503
pork chop,,99504
pork chop,,99515
pork chop,,99577
pork chop,,99611
pork chop,,99615
pork chop,,99654
pork chop,,99701
pork chop,,99901
pork chop,,97060
pork chop,,98057
Pork,,99503
Pork,,99504
Pork,,99515
Pork,,99577
Pork,,99611
Pork,,99615
Pork,,99654
Pork,,99701
Pork,,99901
Pork,,97060
Pork,,98057
potatoes,,99503
potatoes,,99504
potatoes,,99515
potatoes,,99577
potatoes,,99611
potatoes,,99615
potatoes,,99654
potatoes,,99701
potatoes,,99901
potatoes,,97060
potatoes,,98057
powder laundry detergent,,99503
powder laundry detergent,,99504
powder laundry detergent,,99515
powder laundry detergent,,99577
powder laundry detergent,,99611
powder laundry detergent,,99615
powder laundry detergent,,99654
powder laundry detergent,,99701
powder laundry detergent,,99901
powder laundry detergent,,97060
powder laundry detergent,,98057
preserve,,99503
preserve,,99504
preserve,,99515
preserve,,99577
preserve,,99611
preserve,,99615
preserve,,99654
preserve,,99701
preserve,,99901
preserve,,97060
preserve,,98057
Prune,,99503
Prune,,99504
Prune,,99515
Prune,,99577
Prune,,99611
Prune,,99615
Prune,,99654
Prune,,99701
Prune,,99901
Prune,,97060
Prune,,98057
Pudding,,99503
Pudding,,99504
Pudding,,99515
Pudding,,99577
Pudding,,99611
Pudding,,99615
Pudding,,99654
Pudding,,99701
Pudding,,99901
Pudding,,97060
Pudding,,98057
Pumpkin,,99503
Pumpkin,,99504
Pumpkin,,99515
Pumpkin,,99577
Pumpkin,,99611
Pumpkin,,99615
Pumpkin,,99654
Pumpkin,,99701
Pumpkin,,99901
Pumpkin,,97060
Pumpkin,,98057
Quinoa,,99503
Quinoa,,99504
Quinoa,,99515
Quinoa,,99577
Quinoa,,99611
Quinoa,,99615
Quinoa,,99654
Quinoa,,99701
Quinoa,,99901
Quinoa,,97060
Quinoa,,98057
radishes,,99503
radishes,,99504
radishes,,99515
radishes,,99577
radishes,,99611
radishes,,99615
radishes,,99654
radishes,,99701
radishes,,99901
radishes,,97060
radishes,,98057
ramen,,99503
ramen,,99504
ramen,,99515
ramen,,99577
ramen,,99611
ramen,,99615
ramen,,99654
ramen,,99701
ramen,,99901
ramen,,97060
ramen,,98057
Ravioli,,99503
Ravioli,,99504
Ravioli,,99515
Ravioli,,99577
Ravioli,,99611
Ravioli,,99615
Ravioli,,99654
Ravioli,,99701
Ravioli,,99901
Ravioli,,97060
Ravioli,,98057
razor,,99503
razor,,99504
razor,,99515
razor,,99577
razor,,99611
razor,,99615
razor,,99654
razor,,99701
razor,,99901
razor,,97060
razor,,98057
relish,,99503
relish,,99504
relish,,99515
relish,,99577
relish,,99611
relish,,99615
relish,,99654
relish,,99701
relish,,99901
relish,,97060
relish,,98057
rice,,99503
rice,,99504
rice,,99515
rice,,99577
rice,,99611
rice,,99615
rice,,99654
rice,,99701
rice,,99901
rice,,97060
rice,,98057
Roll,,99503
Roll,,99504
Roll,,99515
Roll,,99577
Roll,,99611
Roll,,99615
Roll,,99654
Roll,,99701
Roll,,99901
Roll,,97060
Roll,,98057
Salad,,99503
Salad,,99504
Salad,,99515
Salad,,99577
Salad,,99611
Salad,,99615
Salad,,99654
Salad,,99701
Salad,,99901
Salad,,97060
Salad,,98057
Salsa,,99503
Salsa,,99504
Salsa,,99515
Salsa,,99577
Salsa,,99611
Salsa,,99615
Salsa,,99654
Salsa,,99701
Salsa,,99901
Salsa,,97060
Salsa,,98057
Salt,,99503
Salt,,99504
Salt,,99515
Salt,,99577
Salt,,99611
Salt,,99615
Salt,,99654
Salt,,99701
Salt,,99901
Salt,,97060
Salt,,98057
saltine,,99503
saltine,,99504
saltine,,99515
saltine,,99577
saltine,,99611
saltine,,99615
saltine,,99654
saltine,,99701
saltine,,99901
saltine,,97060
saltine,,98057
Sandwich,,99503
Sandwich,,99504
Sandwich,,99515
Sandwich,,99577
Sandwich,,99611
Sandwich,,99615
Sandwich,,99654
Sandwich,,99701
Sandwich,,99901
Sandwich,,97060
Sandwich,,98057
Sauce,,99503
Sauce,,99504
Sauce,,99515
Sauce,,99577
Sauce,,99611
Sauce,,99615
Sauce,,99654
Sauce,,99701
Sauce,,99901
Sauce,,97060
Sauce,,98057
Sauerkraut,,99503
Sauerkraut,,99504
Sauerkraut,,99515
Sauerkraut,,99577
Sauerkraut,,99611
Sauerkraut,,99615
Sauerkraut,,99654
Sauerkraut,,99701
Sauerkraut,,99901
Sauerkraut,,97060
Sauerkraut,,98057
Seafood,,99503
Seafood,,99504
Seafood,,99515
Seafood,,99577
Seafood,,99611
Seafood,,99615
Seafood,,99654
Seafood,,99701
Seafood,,99901
Seafood,,97060
Seafood,,98057
Sesame,,99503
Sesame,,99504
Sesame,,99515
Sesame,,99577
Sesame,,99611
Sesame,,99615
Sesame,,99654
Sesame,,99701
Sesame,,99901
Sesame,,97060
Sesame,,98057
shampoo,,99503
shampoo,,99504
shampoo,,99515
shampoo,,99577
shampoo,,99611
shampoo,,99615
shampoo,,99654
shampoo,,99701
shampoo,,99901
shampoo,,97060
shampoo,,98057
shaving cream,,99503
shaving cream,,99504
shaving cream,,99515
shaving cream,,99577
shaving cream,,99611
shaving cream,,99615
shaving cream,,99654
shaving cream,,99701
shaving cream,,99901
shaving cream,,97060
shaving cream,,98057
Sherbet,,99503
Sherbet,,99504
Sherbet,,99515
Sherbet,,99577
Sherbet,,99611
Sherbet,,99615
Sherbet,,99654
Sherbet,,99701
Sherbet,,99901
Sherbet,,97060
Sherbet,,98057
Snack,,99503
Snack,,99504
Snack,,99515
Snack,,99577
Snack,,99611
Snack,,99615
Snack,,99654
Snack,,99701
Snack,,99901
Snack,,97060
Snack,,98057
Soft drink,,99503
Soft drink,,99504
Soft drink,,99515
Soft drink,,99577
Soft drink,,99611
Soft drink,,99615
Soft drink,,99654
Soft drink,,99701
Soft drink,,99901
Soft drink,,97060
Soft drink,,98057
Soup,,99503
Soup,,99504
Soup,,99515
Soup,,99577
Soup,,99611
Soup,,99615
Soup,,99654
Soup,,99701
Soup,,99901
Soup,,97060
Soup,,98057
sour cream,,99503
sour cream,,99504
sour cream,,99515
sour cream,,99577
sour cream,,99611
sour cream,,99615
sour cream,,99654
sour cream,,99701
sour cream,,99901
sour cream,,97060
sour cream,,98057
Soy,,99503
Soy,,99504
Soy,,99515
Soy,,99577
Soy,,99611
Soy,,99615
Soy,,99654
Soy,,99701
Soy,,99901
Soy,,97060
Soy,,98057
Soybean,,99503
Soybean,,99504
Soybean,,99515
Soybean,,99577
Soybean,,99611
Soybean,,99615
Soybean,,99654
Soybean,,99701
Soybean,,99901
Soybean,,97060
Soybean,,98057
spaghetti,,99503
spaghetti,,99504
spaghetti,,99515
spaghetti,,99577
spaghetti,,99611
spaghetti,,99615
spaghetti,,99654
spaghetti,,99701
spaghetti,,99901
spaghetti,,97060
spaghetti,,98057
spam,,99503
spam,,99504
spam,,99515
spam,,99577
spam,,99611
spam,,99615
spam,,99654
spam,,99701
spam,,99901
spam,,97060
spam,,98057
Spice,,99503
Spice,,99504
Spice,,99515
Spice,,99577
Spice,,99611
Spice,,99615
Spice,,99654
Spice,,99701
Spice,,99901
Spice,,97060
Spice,,98057
spinach,,99503
spinach,,99504
spinach,,99515
spinach,,99577
spinach,,99611
spinach,,99615
spinach,,99654
spinach,,99701
spinach,,99901
spinach,,97060
spinach,,98057
squash,,99503
squash,,99504
squash,,99515
squash,,99577
squash,,99611
squash,,99615
squash,,99654
squash,,99701
squash,,99901
squash,,97060
squash,,98057
steak,,99503
steak,,99504
steak,,99515
steak,,99577
steak,,99611
steak,,99615
steak,,99654
steak,,99701
steak,,99901
steak,,97060
steak,,98057
strawberries,,99503
strawberries,,99504
strawberries,,99515
strawberries,,99577
strawberries,,99611
strawberries,,99615
strawberries,,99654
strawberries,,99701
strawberries,,99901
strawberries,,97060
strawberries,,98057
strawberry jam,,99503
strawberry jam,,99504
strawberry jam,,99515
strawberry jam,,99577
strawberry jam,,99611
strawberry jam,,99615
strawberry jam,,99654
strawberry jam,,99701
strawberry jam,,99901
strawberry jam,,97060
strawberry jam,,98057
Strawberry,,99503
Strawberry,,99504
Strawberry,,99515
Strawberry,,99577
Strawberry,,99611
Strawberry,,99615
Strawberry,,99654
Strawberry,,99701
Strawberry,,99901
Strawberry,,97060
Strawberry,,98057
sugar,,99503
sugar,,99504
sugar,,99515
sugar,,99577
sugar,,99611
sugar,,99615
sugar,,99654
sugar,,99701
sugar,,99901
sugar,,97060
sugar,,98057
sweet potatoes,,99503
sweet potatoes,,99504
sweet potatoes,,99515
sweet potatoes,,99577
sweet potatoes,,99611
sweet potatoes,,99615
sweet potatoes,,99654
sweet potatoes,,99701
sweet potatoes,,99901
sweet potatoes,,97060
sweet potatoes,,98057
Sweetener,,99503
Sweetener,,99504
Sweetener,,99515
Sweetener,,99577
Sweetener,,99611
Sweetener,,99615
Sweetener,,99654
Sweetener,,99701
Sweetener,,99901
Sweetener,,97060
Sweetener,,98057
swiss chard,,99503
swiss chard,,99504
swiss chard,,99515
swiss chard,,99577
swiss chard,,99611
swiss chard,,99615
swiss chard,,99654
swiss chard,,99701
swiss chard,,99901
swiss chard,,97060
swiss chard,,98057
Syrup,,99503
Syrup,,99504
Syrup,,99515
Syrup,,99577
Syrup,,99611
Syrup,,99615
Syrup,,99654
Syrup,,99701
Syrup,,99901
Syrup,,97060
Syrup,,98057
Tahini,,99503
Tahini,,99504
Tahini,,99515
Tahini,,99577
Tahini,,99611
Tahini,,99615
Tahini,,99654
Tahini,,99701
Tahini,,99901
Tahini,,97060
Tahini,,98057
Tangerine,,99503
Tangerine,,99504
Tangerine,,99515
Tangerine,,99577
Tangerine,,99611
Tangerine,,99615
Tangerine,,99654
Tangerine,,99701
Tangerine,,99901
Tangerine,,97060
Tangerine,,98057
tea,,99503
tea,,99504
tea,,99515
tea,,99577
tea,,99611
tea,,99615
tea,,99654
tea,,99701
tea,,99901
tea,,97060
tea,,98057
toilet paper,,99503
toilet paper,,99504
toilet paper,,99515
toilet paper,,99577
toilet paper,,99611
toilet paper,,99615
toilet paper,,99654
toilet paper,,99701
toilet paper,,99901
toilet paper,,97060
toilet paper,,98057
tomatoes,,99503
tomatoes,,99504
tomatoes,,99515
tomatoes,,99577
tomatoes,,99611
tomatoes,,99615
tomatoes,,99654
tomatoes,,99701
tomatoes,,99901
tomatoes,,97060
tomatoes,,98057
toothpaste,,99503
toothpaste,,99504
toothpaste,,99515
toothpaste,,99577
toothpaste,,99611
toothpaste,,99615
toothpaste,,99654
toothpaste,,99701
toothpaste,,99901
toothpaste,,97060
toothpaste,,98057
Topping,,99503
Topping,,99504
Topping,,99515
Topping,,99577
Topping,,99611
Topping,,99615
Topping,,99654
Topping,,99701
Topping,,99901
Topping,,97060
Topping,,98057
tortilla,,99503
tortilla,,99504
tortilla,,99515
tortilla,,99577
tortilla,,99611
tortilla,,99615
tortilla,,99654
tortilla,,99701
tortilla,,99901
tortilla,,97060
tortilla,,98057
tuna,,99503
tuna,,99504
tuna,,99515
tuna,,99577
tuna,,99611
tuna,,99615
tuna,,99654
tuna,,99701
tuna,,99901
tuna,,97060
tuna,,98057
Turnip,,99503
Turnip,,99504
Turnip,,99515
Turnip,,99577
Turnip,,99611
Turnip,,99615
Turnip,,99654
Turnip,,99701
Turnip,,99901
Turnip,,97060
Turnip,,98057
vanilla ice cream,,99503
vanilla ice cream,,99504
vanilla ice cream,,99515
vanilla ice cream,,99577
vanilla ice cream,,99611
vanilla ice cream,,99615
vanilla ice cream,,99654
vanilla ice cream,,99701
vanilla ice cream,,99901
vanilla ice cream,,97060
vanilla ice cream,,98057
vegetable oil,,99503
vegetable oil,,99504
vegetable oil,,99515
vegetable oil,,99577
vegetable oil,,99611
vegetable oil,,99615
vegetable oil,,99654
vegetable oil,,99701
vegetable oil,,99901
vegetable oil,,97060
vegetable oil,,98057
Vegetable,,99503
Vegetable,,99504
Vegetable,,99515
Vegetable,,99577
Vegetable,,99611
Vegetable,,99615
Vegetable,,99654
Vegetable,,99701
Vegetable,,99901
Vegetable,,97060
Vegetable,,98057
Vinegar,,99503
Vinegar,,99504
Vinegar,,99515
Vinegar,,99577
Vinegar,,99611
Vinegar,,99615
Vinegar,,99654
Vinegar,,99701
Vinegar,,99901
Vinegar,,97060
Vinegar,,98057
watermelon,,99503
watermelon,,99504
watermelon,,99515
watermelon,,99577
watermelon,,99611
watermelon,,99615
watermelon,,99654
watermelon,,99701
watermelon,,99901
watermelon,,97060
watermelon,,98057
wheat bread,,99503
wheat bread,,99504
wheat bread,,99515
wheat bread,,99577
wheat bread,,99611
wheat bread,,99615
wheat bread,,99654
wheat bread,,99701
wheat bread,,99901
wheat bread,,97060
wheat bread,,98057
wheat,,99503
wheat,,99504
wheat,,99515
wheat,,99577
wheat,,99611
wheat,,99615
wheat,,99654
wheat,,99701
wheat,,99901
wheat,,97060
wheat,,98057
Whipped,,99503
Whipped,,99504
Whipped,,99515
Whipped,,99577
Whipped,,99611
Whipped,,99615
Whipped,,99654
Whipped,,99701
Whipped,,99901
Whipped,,97060
Whipped,,98057
white bread,,99503
white bread,,99504
white bread,,99515
white bread,,99577
white bread,,99611
white bread,,99615
white bread,,99654
white bread,,99701
white bread,,99901
white bread,,97060
white bread,,98057
Whiting,,99503
Whiting,,99504
Whiting,,99515
Whiting,,99577
Whiting,,99611
Whiting,,99615
Whiting,,99654
Whiting,,99701
Whiting,,99901
Whiting,,97060
Whiting,,98057
whole milk,,99503
whole milk,,99504
whole milk,,99515
whole milk,,99577
whole milk,,99611
whole milk,,99615
whole milk,,99654
whole milk,,99701
whole milk,,99901
whole milk,,97060
whole milk,,98057
Yellow,,99503
Yellow,,99504
Yellow,,99515
Yellow,,99577
Yellow,,99611
Yellow,,99615
Yellow,,99654
Yellow,,99701
Yellow,,99901
Yellow,,97060
Yellow,,98057
yogurt,,99503
yogurt,,99504
yogurt,,99515
yogurt,,99577
yogurt,,99611
yogurt,,99615
yogurt,,99654
yogurt,,99701
yogurt,,99901
yogurt,,97060
yogurt,,98057
zucchini,,99503
zucchini,,99504
zucchini,,99515
zucchini,,99577
zucchini,,99611
zucchini,,99615
zucchini,,99654
zucchini,,99701
zucchini,,99901
zucchini,,97060
zucchini,,98057
